Workbook

Sheet Matriz RACI
A1: MATRIZ R.A.C.I. — PROYECTO CBSB
A2: Diseño adaptado de la plantilla RAM de www.pmoinformatica.com
A3: Responsabilidades: R: Responsable · A: Aprobador · C: Consultado · I: Informado · R/A: Responsable y Aprobador · —: Sin participación
A4: Complementa la gestión con Scrum; no reemplaza las responsabilidades del Product Owner, Scrum Master ni Developers.
A5: Paquete de Trabajo / Actividad | D5: Responsabilidades
A6: Código EDT | B6: Bloque / Entregable | C6: Actividad / Decisión | D6: Mauricio Zenteno PO / SM / Req.-Doc. | E6: Paulo Rivas Backend | F6: Alexander López Frontend | G6: Comandancia CBSB | H6: Administración Institucional | I6: Administrador Técnico CBSB | J6: Material Menor | K6: Material Mayor / Mantenimiento | L6: Docente Duoc UC
A7: 1.1.1 | B7: Definición del proyecto | C7: Problema y alcance CBSB | D7: R | E7: C | F7: C | G7: A | H7: — | I7: — | J7: C | K7: C | L7: I
A8: 1.1.2 | B8: Definición del proyecto | C8: Requerimientos RF y RNF | D8: R | E8: C | F8: C | G8: A | H8: — | I8: — | J8: C | K8: C | L8: I
A9: 1.1.3 | B9: Definición del proyecto | C9: Interesados y poder/interés | D9: R/A | E9: C | F9: C | G9: C | H9: C | I9: — | J9: I | K9: I | L9: I
A10: 1.1.4 | B10: Definición del proyecto | C10: TRL actual y objetivo | D10: R/A | E10: C | F10: C | G10: I | H10: — | I10: — | J10: — | K10: — | L10: C
A11: 1.2.1 | B11: Gestión Scrum | C11: Product Goal | D11: R/A | E11: C | F11: C | G11: C | H11: — | I11: — | J11: — | K11: — | L11: I
A12: 1.2.2 | B12: Gestión Scrum | C12: Product Backlog | D12: R/A | E12: C | F12: C | G12: C | H12: — | I12: — | J12: — | K12: — | L12: I
A13: 1.2.3 | B13: Gestión Scrum | C13: Product Owner y Scrum Master | D13: R/A | E13: I | F13: I | G13: I | H13: — | I13: — | J13: — | K13: — | L13: I
A14: 1.2.4 | B14: Gestión Scrum | C14: Definition of Done | D14: R/A | E14: R | F14: R | G14: I | H14: — | I14: — | J14: — | K14: — | L14: I
A15: 1.2.5 | B15: Gestión Scrum | C15: Cadencia Scrum y acuerdos operativos | D15: R/A | E15: C | F15: C | G15: I | H15: — | I15: — | J15: — | K15: — | L15: I
A16: 1.2.6 | B16: Gestión Scrum | C16: Planning Poker y Story Points | D16: R/A | E16: R | F16: R | G16: I | H16: — | I16: — | J16: — | K16: — | L16: I
A17: F1-PRES | B17: Cierre Fase 1 | C17: Presentación Scrum / TRL / Arquitectura | D17: R/A | E17: R | F17: R | G17: I | H17: — | I17: — | J17: — | K17: — | L17: C
... A37: 1.9.6 | B37: Validación y cierre | C37: Entrega final académica / proyecto | D37: R | E37: R | F37: R | G37: C | H37: I | I37: I | J37: — | K37: — | L37: A

Sheet Resumen
A1: RESUMEN DE ASIGNACIONES RACI
H2: Indicador | I2: Valor
A3: Rol / Stakeholder | B3: Responsable (R) | C3: Aprobador (A) | D3: Consultado (C) | E3: Informado (I) | F3: Total participaciones | H3: Actividades / decisiones | I3: 31
A4: Mauricio Zenteno PO / SM / Req.-Doc. | B4: =COUNTIF('Matriz RACI'!$D$7:$D$37,"R")+COUNTIF('Matriz RACI'!$D$7:$D$37,"R/A") -> 26 | C4: =COUNTIF('Matriz RACI'!$D$7:$D$37,"A")+COUNTIF('Matriz RACI'!$D$7:$D$37,"R/A") -> 18 | D4: =COUNTIF('Matriz RACI'!$D$7:$D$37,"C") -> 5 | E4: =COUNTIF('Matriz RACI'!$D$7:$D$37,"I") -> 0 | F4: =SUM(B4:E4) -> 49 | H4: Roles / stakeholders | I4: 9
A5: Paulo Rivas Backend | B5: =COUNTIF('Matriz RACI'!$E$7:$E$37,"R")+COUNTIF('Matriz RACI'!$E$7:$E$37,"R/A") -> 16 | C5: =COUNTIF('Matriz RACI'!$E$7:$E$37,"A")+COUNTIF('Matriz RACI'!$E$7:$E$37,"R/A") -> 5 | D5: =COUNTIF('Matriz RACI'!$E$7:$E$37,"C") -> 14 | E5: =COUNTIF('Matriz RACI'!$E$7:$E$37,"I") -> 1 | F5: =SUM(B5:E5) -> 36 | H5: Filas con R/A permitido | I5: Equipo pequeño
A6: Alexander López Frontend | B6: =COUNTIF('Matriz RACI'!$F$7:$F$37,"R")+COUNTIF('Matriz RACI'!$F$7:$F$37,"R/A") -> 13 | C6: =COUNTIF('Matriz RACI'!$F$7:$F$37,"A")+COUNTIF('Matriz RACI'!$F$7:$F$37,"R/A") -> 1 | D6: =COUNTIF('Matriz RACI'!$F$7:$F$37,"C") -> 15 | E6: =COUNTIF('Matriz RACI'!$F$7:$F$37,"I") -> 3 | F6: =SUM(B6:E6) -> 32 | H6: Regla clave | I6: 1 A principal por actividad
A7: Comandancia CBSB | B7: =COUNTIF('Matriz RACI'!$G$7:$G$37,"R")+COUNTIF('Matriz RACI'!$G$7:$G$37,"R/A") -> 0 | C7: =COUNTIF('Matriz RACI'!$G$7:$G$37,"A")+COUNTIF('Matriz RACI'!$G$7:$G$37,"R/A") -> 4 | D7: =COUNTIF('Matriz RACI'!$G$7:$G$37,"C") -> 10 | E7: =COUNTIF('Matriz RACI'!$G$7:$G$37,"I") -> 17 | F7: =SUM(B7:E7) -> 31
A8: Administración Institucional | B8: =COUNTIF('Matriz RACI'!$H$7:$H$37,"R")+COUNTIF('Matriz RACI'!$H$7:$H$37,"R/A") -> 0 | C8: =COUNTIF('Matriz RACI'!$H$7:$H$37,"A")+COUNTIF('Matriz RACI'!$H$7:$H$37,"R/A") -> 2 | D8: =COUNTIF('Matriz RACI'!$H$7:$H$37,"C") -> 1 | E8: =COUNTIF('Matriz RACI'!$H$7:$H$37,"I") -> 2 | F8: =SUM(B8:E8) -> 5
A9: Administrador Técnico CBSB | B9: =COUNTIF('Matriz RACI'!$I$7:$I$37,"R")+COUNTIF('Matriz RACI'!$I$7:$I$37,"R/A") -> 0 | C9: =COUNTIF('Matriz RACI'!$I$7:$I$37,"A")+COUNTIF('Matriz RACI'!$I$7:$I$37,"R/A") -> 0 | D9: =COUNTIF('Matriz RACI'!$I$7:$I$37,"C") -> 7 | E9: =COUNTIF('Matriz RACI'!$I$7:$I$37,"I") -> 1 | F9: =SUM(B9:E9) -> 8
A10: Material Menor | B10: =COUNTIF('Matriz RACI'!$J$7:$J$37,"R")+COUNTIF('Matriz RACI'!$J$7:$J$37,"R/A") -> 0 | C10: =COUNTIF('Matriz RACI'!$J$7:$J$37,"A")+COUNTIF('Matriz RACI'!$J$7:$J$37,"R/A") -> 0 | D10: =COUNTIF('Matriz RACI'!$J$7:$J$37,"C") -> 7 | E10: =COUNTIF('Matriz RACI'!$J$7:$J$37,"I") -> 3 | F10: =SUM(B10:E10) -> 10
A11: Material Mayor / Mantenimiento | B11: =COUNTIF('Matriz RACI'!$K$7:$K$37,"R")+COUNTIF('Matriz RACI'!$K$7:$K$37,"R/A") -> 0 | C11: =COUNTIF('Matriz RACI'!$K$7:$K$37,"A")+COUNTIF('Matriz RACI'!$K$7:$K$37,"R/A") -> 0 | D11: =COUNTIF('Matriz RACI'!$K$7:$K$37,"C") -> 8 | E11: =COUNTIF('Matriz RACI'!$K$7:$K$37,"I") -> 2 | F11: =SUM(B11:E11) -> 10
A12: Docente Duoc UC | B12: =COUNTIF('Matriz RACI'!$L$7:$L$37,"R")+COUNTIF('Matriz RACI'!$L$7:$L$37,"R/A") -> 0 | C12: =COUNTIF('Matriz RACI'!$L$7:$L$37,"A")+COUNTIF('Matriz RACI'!$L$7:$L$37,"R/A") -> 1 | D12: =COUNTIF('Matriz RACI'!$L$7:$L$37,"C") -> 2 | E12: =COUNTIF('Matriz RACI'!$L$7:$L$37,"I") -> 28 | F12: =SUM(B12:E12) -> 31

Sheet Leyenda y criterios
A1: LEYENDA Y CRITERIOS DE USO — RACI CBSB
A3: Código | B3: Significado | C3: Aplicación en CBSB
A4: R | B4: Responsible / Responsable | C4: Ejecuta o contribuye directamente al trabajo.
A5: A | B5: Accountable / Aprobador | C5: Tiene la responsabilidad final de validación o decisión para esa actividad.
A6: C | B6: Consulted / Consultado | C6: Aporta información, criterio técnico u operativo antes de la decisión.
A7: I | B7: Informed / Informado | C7: Debe mantenerse informado del avance o resultado.
A8: R/A | B8: Responsable y Aprobador | C8: Permitido en actividades acotadas del equipo pequeño cuando una misma persona ejecuta y responde por el resultado.
A10: Criterio | B10: Aplicación
A11: Scrum | B11: La matriz RACI es complementaria; no reemplaza Product Owner, Scrum Master, Developers, Product Goal, Product Backlog ni Definition of Done.
A12: Product Backlog | B12: Mauricio Zenteno figura como A/R por su responsabilidad de Product Owner sobre el orden y claridad del backlog.
A13: Estimación | B13: Planning Poker y Story Points la marca A en la matriz representa coordinación/registro, no una estimación unilateral.
A14: Validación institucional | B14: Comandancia aparece como A cuando la actividad requiere aprobación o validación operativa de Bomberos.
A15: Infraestructura | B15: Administración Institucional aparece como A en decisiones de despliegue; el Administrador Técnico CBSB actúa principalmente como C.
A16: Entrega académica | B16: El Docente Duoc UC figura como A únicamente en la entrega/evaluación académica final, no en las decisiones internas del producto.
A18: Fuentes del proyecto | B18: Uso
A19: EDT Bomberos CBSB | B19: Códigos y paquetes de trabajo usados como base de las filas.
A20: Product Goal / DoD | B20: Responsabilidades de producto y calidad.
A21: Risk Register / Matriz de Riesgos | B21: Gobernanza institucional y roles reales utilizados para riesgos e infraestructura.
A22: Mapa de Stakeholders | B22: Comandancia, Administración Institucional, Administrador Técnico y áreas operativas.
A23: Jira | B23: Fuente operativa del Product Backlog y seguimiento de Sprints.
